Unique,ID,Author,Year,Study Type,Region,Habitat,Predator Type,Prey Type,Basal Resource Type,System,Response Type,Response Variable,Response Metric,Control Mean,Control Sample,Control CI.95,Control CI.85,Control t Distribution Value,Control StdErr,Control StdDev,Treatment Mean,Treatment Sample Size,Treatment CI.95,Treatment CI.85,Treatment t Distribution Value,Treatment StdErr,Treatment StdDev,Effect Size,Relative Difference,Notes
1,1,Soomdat et al.,2014,Field Experiment,United States,Salt marsh,Crab,Snail,Snail,Crab_Snail,RITR,Climbing Height,cm,4.8,8,1.245,,4.729248503,,0.744598591,8.6,24,,,,,2.231751352,0.583146285,0.791666667,
2,1,Soomdat et al.,2014,Field Experiment,United States,Salt marsh,Crab,Snail,Snail,Crab_Snail,RITR,Climbing Height,cm,6.5,8,1.505,,4.729248503,,0.900097092,10.32666667,24,,,,,3.157624605,0.462927369,0.588717949,
3,1,Soomdat et al.,2014,Field Experiment,United States,Salt marsh,Crab,Snail,Snail,Crab_Snail,RITR,Climbing Height,cm,10.41,10,2.085,,4.524314326,,1.457314512,14.408,50,,,,,2.2630511,0.325016725,0.384053794,
4,1,Soomdat et al.,2014,Field Experiment,United States,Salt marsh,Crab,Snail,Snail,Crab_Snail,RITR,Climbing Height,cm,10.77,10,2.645,,4.524314326,,1.848727522,14.47,50,,,,,3.662823315,0.295313049,0.34354689,
5,2,Nifong and Silliman,2013,Mesocosm Experiment,United States,Salt marsh,Alligator,Crab,Snail,Alligator_Crab_Snail,RITR,Foraging Prob,,0.32,7,0.17,,4.893823702,,0.091907218,0.12,7,0.16,,4.893823702,,0.086500911,-0.980829253,-0.625,We determined the sample size using the value of N=7 provided in the study.
6,2,Nifong and Silliman,2013,Mesocosm Experiment,United States,Salt marsh,Alligator,Crab,Snail,Alligator_Crab_Snail,TMIE,Basal Mortality Prob,,0.37,7,0.12,,4.893823702,,0.064875683,0.2,7,0.12,,4.893823702,,0.064875683,-0.615185639,-0.459459459,
7,3,Davidson et al.,2015,Observation,United States,Salt marsh,Crab,Snail,Cordgrass,Crab_Snail_Cordgrass,RITR,Climbing Height,cm,2.98,10,,,,0.3,0.948683298,7.57,10,,,,0.51,1.612761607,0.932269767,1.540268456,
8,3,Davidson et al.,2015,Observation,United States,Salt marsh,Crab,Snail,Cordgrass,Crab_Snail_Cordgrass,TMIE,Grazing Damage,cm,7.14,10,,,,0.525,1.660195772,12.29,10,,,,1,3.16227766,0.543073147,0.721288515,
9,3,Davidson et al.,2015,Field Experiment,United States,Salt marsh,Crab,Snail,Cordgrass,Crab_Snail_Cordgrass,RITR,Climbing Height,cm,4.97,6,,,,0.495,1.212497423,9.69,6,,,,0.83,2.033076487,0.667674586,0.949698189,The data extracted for the experiment were the cage control and the experimental treatment
10,3,Davidson et al.,2015,Field Experiment,United States,Salt marsh,Crab,Snail,Cordgrass,Crab_Snail_Cordgrass,TMIE,Radulations,cm,10,6,,,,2.35,5.756300896,22.55,6,,,,4.9,12.00249974,0.813149973,1.255,The data extracted for the experiment were the cage control and the experimental treatment
11,4,Griffin et al.,2011,Field Experiment,United States,Salt marsh,Crab,Snail,Cordgrass,Crab_Snail_Cordgrass,RITR,Climbing Height,cm,6.08,8,,,,0.27,0.763675324,13.11,8,,,,0.44,1.244507935,0.768370602,1.15625,
12,4,Griffin et al.,2011,Field Experiment,United States,Salt marsh,Crab,Snail,Cordgrass,Crab_Snail_Cordgrass,TMIE,Aboveground Biomass,g / area,95.64,8,,,,14.45,40.87077195,64.78,8,,,,10.315,29.17522579,-0.389594229,-0.32266834,
13,4,Griffin et al.,2011,Field Experiment,United States,Salt marsh,Crab,Snail,Cordgrass,Crab_Snail_Cordgrass,TMIE,Grazing Damage,cm,1.4,8,,,,0.125,0.353553391,1.95,8,,,,0.135,0.381837662,0.331357136,0.392857143,
14,5,Kimbro,2012,Mesocosm Experiment,United States,Salt marsh,Crab,Snail,Cordgrass,Crab_Snail_Cordgrass,NCE,Prey Density,Density of snails on cordgrass leaves,7.85,8,5.27,,4.729248503,,3.151834998,10.29,8,2.925,,4.729248503,,1.749358135,0.270659018,0.310828025,"Data extracted from Fig. 1, using predator ABSENT and predator CUE treatments. 95% CI"
15,5,Kimbro,2012,Mesocosm Experiment,United States,Salt marsh,Crab,Snail,Cordgrass,Crab_Snail_Cordgrass,NCE,Prey Density,Density of snails on cordgrass leaves,9.71,8,3.575,,4.729248503,,2.138104387,18.71,8,2.355,,4.729248503,,1.408457575,0.655901858,0.926879506,"Data extracted from Fig. 1, using predator ABSENT and predator CUE treatments. 95% CI"
16,5,Kimbro,2012,Mesocosm Experiment,United States,Salt marsh,Crab,Snail,Cordgrass,Crab_Snail_Cordgrass,NCE,Prey Density,Density of snails on cordgrass leaves,11.85,8,3.075,,4.729248503,,1.839068808,18,8,2,,4.729248503,,1.196142314,0.41804389,0.518987342,"Data extracted from Fig. 1, using predator ABSENT and predator CUE treatments. 95% CI"
17,5,Kimbro,2012,Mesocosm Experiment,United States,Salt marsh,Crab,Snail,Cordgrass,Crab_Snail_Cordgrass,NCE,Prey Density,Density of snails on cordgrass leaves,15.14,8,2,,4.729248503,,1.196142314,23.43,8,2.145,,4.729248503,,1.282862632,0.436677005,0.547556143,"Data extracted from Fig. 1, using predator ABSENT and predator CUE treatments. 95% CI"
18,3,Kimbro,2012,Mesocosm Experiment,United States,Salt marsh,Crab,Snail,Cordgrass,Crab_Snail_Cordgrass,TMIE,Change in Aboveground Biomass,,-1.42,8,1.965,,4.729248503,,1.175209824,-4.22,24,,,,,1.107719481,1.089178256,1.971830986,
19,5,Kimbro,2012,Mesocosm Experiment,United States,Salt marsh,Crab,Snail,Cordgrass,Crab_Snail_Cordgrass,TMIE,Change in Aboveground Biomass,,-1.5,8,1.83,,4.729248503,,1.094470218,-0.813333333,24,,,,,1.215214522,-0.612079357,-0.457777778,
20,6,Coverdale et al.,2013,Field Experiment,United States,Salt marsh,Crab,Crab,Cordgrass,Crab_Crab_Cordgrass,NCE,Prey Abundance,Number of individuals,0.6,15,,,,0.269,1.04183252,0,15,,,,0,0,,-1,Data extracted from Fig. 4. Distance 0. Contacted author to determine bars are SE. 
21,6,Coverdale et al.,2013,Field Experiment,United States,Salt marsh,Crab,Crab,Cordgrass,Crab_Crab_Cordgrass,NCE,Prey Abundance,Number of individuals,1.1,15,,,,0.35,1.355544171,0.23,15,,,,0.15,0.580947502,-1.56498615,-0.790909091,Data extracted from Fig. 4. Distance 0.
22,6,Coverdale et al.,2013,Field Experiment,United States,Salt marsh,Crab,Crab,Cordgrass,Crab_Crab_Cordgrass,NCE,Prey Abundance,Number of individuals,0.3,15,,,,0.1575,0.609994877,0.11,15,,,,0.1145,0.443456593,-1.003302109,-0.633333333,Data extracted from Fig. 4. Distance 0.5.
23,6,Coverdale et al.,2013,Field Experiment,United States,Salt marsh,Crab,Crab,Cordgrass,Crab_Crab_Cordgrass,TMIE,Grazed Stems,Number of grazed stems,4.23,15,,,,0.94,3.640604345,1.12,15,,,,0.37,1.433003838,-1.328873308,-0.735224586,Data extracted from Fig. 4. Distance 0.5.
24,6,Coverdale et al.,2013,Field Experiment,United States,Salt marsh,Crab,Crab,Cordgrass,Crab_Crab_Cordgrass,TMIE,Grazed Stems,Number of grazed stems,2.38,15,,,,0.57,2.207600507,2.24,15,,,,0.54,2.091411007,-0.060624622,-0.058823529,Data extracted from Fig. 4. Distance 1.
25,6,Coverdale et al.,2013,Field Experiment,United States,Salt marsh,Crab,Crab,Cordgrass,Crab_Crab_Cordgrass,TMIE,Grazed Stems,Number of grazed stems,3.37,15,,,,0.675,2.614263759,1.63,15,,,,0.915,3.543779762,-0.72633273,-0.516320475,Data extracted from Fig. 4. Distance 1.
26,7,Bertness and Coverdale,2013,Mesocosm Experiment,United States,Salt marsh,Crab,Crab,Cordgrass,Crab_Crab_Cordgrass,TMIE,Aboveground Biomass,g / area,0.44,10,,,,0.0865,0.273537018,2.87,10,,,,0.315,0.996117463,1.875292582,5.522727273,Data extracted from Fig. 3 using Sesarma only and CAGED Carcinas treatments.
27,8,Vu and Pennings,2018,Field Experiment,United States,Salt marsh,Crab,Crab,Cordgrass,Crab_Crab_Cordgrass,TMIE,Aboveground Biomass,g / area,4.7,10,,,,0.9,2.846049894,6.36,20,,,,,4.42286523,0.302465869,0.353191489,
28,8,Vu and Pennings,2018,Field Experiment,United States,Salt marsh,Crab,Crab,Cordgrass,Crab_Crab_Cordgrass,TMIE,Aboveground Biomass,g / area,3.4,10,,,,0.71,2.245217139,7.66,20,,,,,3.71886372,0.812236552,1.252941176,
29,8,Vu and Pennings,2018,Field Experiment,United States,Salt marsh,Crab,Crab,Cordgrass,Crab_Crab_Cordgrass,TMIE,Aboveground Biomass,g / area,4.36,10,,,,0.88,2.782804341,3.89,20,,,,,1.915614509,-0.1140629,-0.107798165,
30,8,Vu and Pennings,2018,Field Experiment,United States,Salt marsh,Crab,Crab,Cordgrass,Crab_Crab_Cordgrass,TMIE,Aboveground Biomass,g / area,2.48,10,,,,0.66,2.087103256,3.86,20,,,,,1.826969017,0.442408623,0.556451613,
31,8,Vu and Pennings,2018,Field Experiment,United States,Salt marsh,Crab,Crab,Cordgrass,Crab_Crab_Cordgrass,TMIE,Aboveground Biomass,g / area,1.44,10,,,,0.48,1.517893277,1.62,20,,,,,0.750157878,0.117783036,0.125,
32,8,Vu and Pennings,2018,Field Experiment,United States,Salt marsh,Crab,Crab,Cordgrass,Crab_Crab_Cordgrass,TMIE,Aboveground Biomass,g / area,1.36,10,,,,0.26,0.822192192,2.32,20,,,,,0.81499112,0.534082486,0.705882353,
33,9,Lorda et al. ,2016,Field Experiment,United States,Salt marsh,Crab,Snail,Algae,Crab_Snail_Algae,RITR,Climbing Behavior,Percent of snails climbing,6.34,10,1.865,,4.524314326,,1.303545115,2.16,10,1.345,,4.524314326,,0.940090177,-1.076770547,-0.659305994,Data extracted from Fig. 3 using no crab and immitation crab treatments.
34,9,Lorda et al. ,2016,Field Experiment,United States,Salt marsh,Crab,Snail,Algae,Crab_Snail_Algae,RITR,Burrowing Behavior,Percent of snails burrowing,2.53,10,1.945,,4.524314326,,1.359461259,9.97,10,5.87,,4.524314326,,4.10284709,1.371361281,2.940711462,Data extracted from Fig. 3 using no crab and immitation crab treatments.
35,10,Rinehart et al.,2017,Mesocosm Experiment,United States,Salt marsh,Lady beetle,Scale Insect,Cordgrass,Beetle_Insect_Cordgrass,TMIE,Total Biomass,g / area,2.56,8,,,,0.3137,0.887277589,3.26,9,,,,0.3142,0.9426,0.241719937,0.2734375,Data taken from Fig. 3 using scale insect and ladybeetle cue treatments
36,10,Rinehart et al.,2017,Mesocosm Experiment,United States,Salt marsh,Lady beetle,Scale Insect,Cordgrass,Beetle_Insect_Cordgrass,TMIE,Root Biomass,g / area,1.7,8,,,,0.304,0.859841846,2.25,9,,,,0.182,0.546,0.280301965,0.323529412,Data taken from Fig. 3 using scale insect and ladybeetle cue treatments
37,10,Rinehart et al.,2017,Mesocosm Experiment,United States,Salt marsh,Lady beetle,Scale Insect,Cordgrass,Beetle_Insect_Cordgrass,TMIE,Stem Biomass,g/ area,0.54,8,,,,0.0312,0.088246926,0.65,9,,,,0.094,0.282,0.185403223,0.203703704,Data taken from Fig. 3 using scale insect and ladybeetle cue treatments
38,10,Rinehart et al.,2017,Mesocosm Experiment,United States,Salt marsh,Lady beetle,Scale Insect,Cordgrass,Beetle_Insect_Cordgrass,TMIE,Leaf Biomass,g / area,0.35,8,,,,0.0468,0.132370389,0.34,9,,,,0.0847,0.2541,-0.028987537,-0.028571429,Data taken from Fig. 3 using scale insect and ladybeetle cue treatments
39,11,Zhu and Gosnell,2021,Mesocosm Experiment,United States,Salt marsh,Crab,Mussel,Mussel,Crab_Mussel,RITR,Biodeposition,,65.94,29,19.56,,4.096814284,,25.71115416,51.98076923,52,,,,,13.80753306,-0.23787141,-0.211695947,
40,12,Moody and Aronson,2012,Mesocosm Experiment,United States,Salt marsh,Crab,Snail,Snail,Crab_Snail,RITR,Proportional Change in Lip Thickness,,0.461,6,,,,0.039,0.0955301,0.788,6,,,,0.042,0.102878569,0.536100047,0.709327549,"Figure 9, 21 days"
41,12,Moody and Aronson,2012,Mesocosm Experiment,United States,Salt marsh,Crab,Snail,Snail,Crab_Snail,RITR,Proportional Change in Lip Thickness,,0.582,6,,,,0.0385,0.094305355,0.898,6,,,,0.032,0.078383672,0.433699621,0.542955326,"Figure 9, 42 days"
42,13,Belgrad and Smith,2014,Mesocosm Experiment,United States,Salt marsh and Mangrove,Crab,Snail,Snail,Crab_Snail,RITR,Climbing Height,cm,5.488,5,,,,0.4545,1.016292896,8.721,5,,,,0.4885,1.092319207,0.46317002,0.589103499,
43,14,Hayman et al ,2020,Mesocosm Experiment,United States,Salt marsh,Fish,Worm,Worm,Fish_Worm,RITR,Feeding time proportion,,0.6741,4,,,,0.06025,0.1205,0.732,4,,,,0.0893,0.1786,0.082402046,0.085892301,"Data taken from Fig. 2A, 6 cm/s flow speed"
44,14,Hayman et al ,2020,Mesocosm Experiment,United States,Salt marsh,Fish,Worm,Worm,Fish_Worm,RITR,Feeding time proportion,,0.5644,4,,,,0.08445,0.1689,0.7066,4,,,,0.06445,0.1289,0.224701515,0.251948972,"Data taken from Fig. 2A, 15 cm/s flow speed"
45,14,Hayman et al ,2020,Mesocosm Experiment,United States,Salt marsh,Fish,Worm,Worm,Fish_Worm,RITR,Suspension feeding time proportion,,0.7225,4,,,,0.10575,0.2115,0.6652,4,,,,0.152,0.304,-0.082629673,-0.079307958,"Data taken from Fig. 2B, 6 cm/s flow speed"
46,14,Hayman et al ,2020,Mesocosm Experiment,United States,Salt marsh,Fish,Worm,Worm,Fish_Worm,RITR,Suspension feeding time proportion,,0.8414,4,,,,0.1013,0.2026,0.9207,4,,,,0.0727,0.1454,0.090067079,0.094247682,"Data taken from Fig. 2B, 15 cm/s flow speed"
47,15,Robinson and Rabalais,2019,Mesocosm Experiment,United States,Salt marsh,Crab,Snail,Snail,Crab_Snail,RITR,Climbing Height,cm,43.0514,4,,,,0.9063,1.8126,45.166,4,,,,0.907,1.814,0.047949841,0.049118031,Used data from Fig. 2 predator absent/no oil and predator present/no oil treatment
48,16,Wu and He,2023,Field Experiment,United States,Salt marsh,Crab,Multiple,Cordgrass,Crab_Multiple_Cordgrass,TMIE,Claw print on vegetation,Individuals per plot,2016.91,8,,,,217.4,614.9000569,1207.73,8,,,,193.23,546.5369733,-0.512824073,-0.401197872,Data taken from Fig. 5A
49,16,Wu and He,2023,Field Experiment,United States,Salt marsh,Crab,Multiple,Cordgrass,Crab_Multiple_Cordgrass,TMIE,Grazing Intensity,Percent,14.196,8,,,,5.759,16.28891181,3.75,8,,,,1.87,5.289158723,-1.331204395,-0.735841082,Data taken from Fig. 5A
50,16,Wu and He,2023,Mesocosm Experiment,United States,Salt marsh,Crab,Multiple,Cordgrass,Crab_Multiple_Cordgrass,TMIE,Grazing Intensity,Percent,19.33,8,,,,3.33,9.418662325,3.066,8,,,,1.994,5.639883687,-1.841284513,-0.841386446,"Data taken from Fig. 5B, used tethered predator only"
51,17,Carroll et al.,2018,Mesocosm Experiment,United States,Salt marsh,Crab,Snail,Cordgrass,Crab_Snail_Cordgrass,RITR,Climbing Height,cm,21.8,6,,,,1.3,3.184336666,36.7,6,,,,1.8,4.409081537,0.520866785,0.683486239,"Data extracted from text using water cue only. Number of replicates unclear, used 6 from the text noting ""We used six box-in-box set-ups per trial for the experiments."""
52,18,Shanji and Nayar,2016,Mesocosm Experiment,India,Mangrove,Fish,Crab,Crab,Fish_Crab,RITR,Percentage Climbing,Percent,100,10,,,,0,0,100,10,,,,0,0,0,0,Data extracted from Fig. 6
53,19,Stump et al. ,2017,Mesocosm Experiment,Bahamas,Mangrove,Shark,Shark,Shark,Shark_Shark,RITR,Fright Response,Count,0.258,24,,,,0.172,0.842624472,7.92,24,,,,1.89,9.259071228,3.4241869,29.69767442,Data extracted from Fig. 5. using solitary and predator treatments only.
54,20,Wollerman et al.,2003,Mesocosm Experiment,United States,Salt marsh,Crab,Snail,Snail,Crab_Snail,RITR,Average number of step lengths,"Count, where step length = 2cm",12.71,21,,,,2.76,12.64790892,11.24,18,,,,1.83,7.764032457,-0.122910241,-0.115656963,"Data extracted from Fig. 3b, Spartina and Blue Crab extracts only (not controls)"
55,21,Magel et al.,2017,Mesocosm Experiment,Bahamas,Mangrove,Fish,Fish,Fish,Fish_Fish,RITR,Glucose level,mmol/L,2.2,12,,,,0.1,0.346410162,1.9,11,,,,0.1,0.331662479,-0.146603474,-0.136363636,"Data extracted from Table 2, using baseline predator presence/absence data only"
56,21,Magel et al.,2017,Mesocosm Experiment,Bahamas,Mangrove,Fish,Fish,Fish,Fish_Fish,RITR,Cortisol level,ng/mL,8.69,12,,,,3.29,11.39689431,12.66,10,,,,5.68,17.96173711,0.376274477,0.456846951,"Data extracted from Table 2, using baseline predator presence/absence data only"
57,22,Frix et al.,1991,Field Experiment,United States,Salt marsh,Bird,Crab,Crab,Bird_Crab,RITR,Retreat distance into burrow,mm,59.4,91,,,,3.32,31.67078149,86,91,,,,2.37,22.60835907,0.37005307,0.447811448,"Data extracted from Table 2, using sand fiddler before and after predator cue."
58,22,Frix et al.,1991,Field Experiment,United States,Salt marsh,Bird,Crab,Crab,Bird_Crab,RITR,Retreat distance into burrow,mm,39.1,64,,,,2.06,16.48,82,64,,,,3.13,25.04,0.74059678,1.097186701,"Data extracted from Table 2, using marsh fiddler before and after predator cue."
59,23,Cannicci et al.,2002,Field Experiment,Kenya,Mangrove,Crab,Crab,Crab,Crab_Crab,RITR,Ratio of non-stopping to stopping crabs,,0.9125,6,0.45,,5.141163671,,0.214400952,0.2125,6,0.1875,,5.141163671,,0.08933373,-1.457246097,-0.767123288,"Data extracted from Fig. 4 using the control and Epixanthus treatments only. Sample size of 6 was used, representing the number of recording sessions for each treatment. "
60,23,Cannicci et al.,2002,Field Experiment,Kenya,Mangrove,Crab,Crab,Crab,Crab_Crab,RITR,No. of stops per crab,Count,1.225,6,0.4,,5.141163671,,0.190578624,2.25,6,0.4,,5.141163671,,0.190578624,0.607989372,0.836734694,"Data extracted from Fig. 4 using the control and Epixanthus treatments only. Sample size of 6 was used, representing the number of recording sessions for each treatment. "
61,23,Cannicci et al.,2002,Field Experiment,Kenya,Mangrove,Crab,Crab,Crab,Crab_Crab,RITR,Duration of stop per crab,Minutes,0.8403,6,0.1513,,5.141163671,,0.072086364,1.378,6,0.303,,5.141163671,,0.144363308,0.494629481,0.639890515,"Data extracted from Fig. 4 using the control and Epixanthus treatments only. Sample size of 6 was used, representing the number of recording sessions for each treatment. "
62,24,Dix and Hamilton,1993,Mesocosm Experiment,United States,Salt marsh,Snail,Snail,Snail,Snail_Snail,RITR,Tentacle speed,cm/s,0.091,100,,,,,0.027,0.149,100,,,,,0.035,0.493086799,0.637362637,Data extracted from Table 1
63,24,Dix and Hamilton,1993,Mesocosm Experiment,United States,Salt marsh,Snail,Snail,Snail,Snail_Snail,RITR,Tentacle taps,Taps/min,16.2,20,,,,,3.5,27.2,20,,,,,7.4,0.518205731,0.679012346,Data extracted from Table 1
64,24,Dix and Hamilton,1993,Mesocosm Experiment,United States,Salt marsh,Snail,Snail,Snail,Snail_Snail,RITR,Snail speed,cm/s,0.098,40,,,,,0.025,0.152,40,,,,,0.038,0.438913042,0.551020408,Data extracted from Table 2 - Cephalic tentacle
65,24,Dix and Hamilton,1993,Mesocosm Experiment,United States,Salt marsh,Snail,Snail,Snail,Snail_Snail,RITR,Snail speed,cm/s,0.087,40,,,,,0.027,0.145,40,,,,,0.039,0.510825624,0.666666667,Data extracted from Table 2 - Anterior foot
66,24,Dix and Hamilton,1993,Mesocosm Experiment,United States,Salt marsh,Snail,Snail,Snail,Snail_Snail,RITR,Snail speed,cm/s,0.096,40,,,,,0.023,0.15,40,,,,,0.028,0.446287103,0.5625,Data extracted from Table 2 - Posterior foot
67,24,Dix and Hamilton,1993,Mesocosm Experiment,United States,Salt marsh,Snail,Snail,Snail,Snail_Snail,RITR,Average snail speed,cm/s,0.0888,40,,,,,0.0319,0.1662,40,,,,,0.0389,0.626805232,0.871621622,"Data extracted from Figure 1, control and M. carona treatments only"